{
    "All rights reserved.": "Todos os direitos reservados.",
    "Card": "Cartão",
    "Confirm Payment": "Confirmar pagamento",
    "Confirm your :amount payment": "Confirme seu pagamento de :amount",
    "Extra confirmation is needed to process your payment. Please confirm your payment by filling out your payment details below.": "É necessária uma confirmação extra para processar o seu pagamento. Por favor, confirme o seu pagamento preenchendo os seus dados de pagamento abaixo.",
    "Extra confirmation is needed to process your payment. Please continue to the payment page by clicking on the button below.": "É necessária uma confirmação extra para processar o seu pagamento. Por favor, continue para a página de pagamento clicando no botão abaixo.",
    "Full name": "Nome completo",
    "Go back": "Voltar",
    "Jane Doe": "Jane Doe",
    "Pay :amount": "Pagamento :amount",
    "Payment Cancelled": "Pagamento Cancelado",
    "Payment Confirmation": "Confirmação Do Pagamento",
    "Payment Successful": "Pagamento Bem Sucedido",
    "Please provide your name.": "Por favor, forneça o seu nome.",
    "The payment was successful.": "O pagamento foi bem sucedido.",
    "This payment was already successfully confirmed.": "Este pagamento já foi confirmado com sucesso.",
    "This payment was cancelled.": "Este pagamento foi cancelado."
}
