{
    "A new verification link has been sent to the email address you provided during registration.": "Um novo link de verificação foi enviado para o endereço de e-mail que você forneceu durante o processo de cadastro.",
    "Accept Invitation": "Aceitar convite",
    "Add": "Adicionar",
    "Add a new team member to your team, allowing them to collaborate with you.": "Adicionar um novo membro na sua equipe, permitindo que ele colabore com você.",
    "Add additional security to your account using two factor authentication.": "Adicione mais segurança à sua conta usando autenticação em dois fatores.",
    "Add Team Member": "Adicionar membro a equipe",
    "Added.": "Adicionado.",
    "Administrator": "Administrador",
    "Administrator users can perform any action.": "Usuários com privilégios de Administrador podem executar qualquer ação.",
    "All of the people that are part of this team.": "Todas pessoas que fazem parte dessa equipe.",
    "Already registered?": "Já registrado?",
    "API Token": "Token da API",
    "API Token Permissions": "Permissões do Token da API",
    "API Tokens": "Tokens da API",
    "API tokens allow third-party services to authenticate with our application on your behalf.": "Tokens da API permitem que serviços de terceiros se autentiquem em nossa aplicação em seu nome.",
    "Are you sure you want to delete this team? Once a team is deleted, all of its resources and data will be permanently deleted.": "Tem certeza que quer excluir esta equipe? Uma vez excluído, todos os dados e recursos relativos a ela serão excluídos permanentemente.",
    "Are you sure you want to delete your account? Once your account is deleted, all of its resources and data will be permanently deleted. Please enter your password to confirm you would like to permanently delete your account.": "Tem certeza que quer excluir a sua conta? Uma vez excluída, todos os dados e recursos relativos a ela serão permanentemente excluídos. Por favor informe a sua senha para confirmar que você deseja excluir permanentemente a sua conta.",
    "Are you sure you would like to delete this API token?": "Tem certeza de que deseja excluir este token da API?",
    "Are you sure you would like to leave this team?": "Tem certeza de que deseja sair desta equipe?",
    "Are you sure you would like to remove this person from the team?": "Tem certeza de que deseja remover esta pessoa da equipe?",
    "Browser Sessions": "Sessões do navegador",
    "Cancel": "Cancelar",
    "Close": "Fechar",
    "Code": "Código",
    "Confirm": "Confirmar",
    "Confirm Password": "Confirmar senha",
    "Create": "Criar",
    "Create a new team to collaborate with others on projects.": "Crie uma equipe para colaborar com outros em projetos.",
    "Create Account": "Criar conta",
    "Create API Token": "Criar Token da API",
    "Create New Team": "Criar Nova Equipe",
    "Create Team": "Criar Equipe",
    "Created.": "Criado.",
    "Current Password": "Senha Atual",
    "Dashboard": "Painel",
    "Delete": "Excluir",
    "Delete Account": "Excluir Conta",
    "Delete API Token": "Excluir Token da API",
    "Delete Team": "Excluir Equipe",
    "Disable": "Desativar",
    "Done.": "Feito.",
    "Editor": "Editor",
    "Editor users have the ability to read, create, and update.": "Usuários com privilégios de Editor podem ler, criar e atualizar.",
    "Email": "E-mail",
    "Email Password Reset Link": "Link de redefinição de senha",
    "Enable": "Ativar",
    "Ensure your account is using a long, random password to stay secure.": "Garanta que sua conta esteja usando uma senha longa, e aleatória para se manter seguro.",
    "For your security, please confirm your password to continue.": "Para sua segurança, por favor confirme a sua senha antes de prosseguir.",
    "Forgot your password?": "Esqueceu a senha?",
    "Forgot your password? No problem. Just let us know your email address and we will email you a password reset link that will allow you to choose a new one.": "Esqueceu sua senha? Sem problemas. É só nos informar o seu e-mail que nós enviaremos para você um link para redefinição de senha que irá permitir que você escolha uma nova senha.",
    "Great! You have accepted the invitation to join the :team team.": "Muito bom! Aceitou o convite para se juntar à equipe :team.",
    "I agree to the :terms_of_service and :privacy_policy": "Concordo com os :terms_of_service e com as :privacy_policy",
    "If necessary, you may log out of all of your other browser sessions across all of your devices. Some of your recent sessions are listed below; however, this list may not be exhaustive. If you feel your account has been compromised, you should also update your password.": "Se necessário, você pode sair de todas as suas outras sessões de navegador em todos os seus dispositivos. Algumas de suas sessões recentes estão listadas abaixo; no entanto, esta lista pode não ser exaustiva. Se você sentir que sua conta foi comprometida, Você também deve atualizar sua senha.",
    "If you already have an account, you may accept this invitation by clicking the button below:": "Se já tiver uma conta, poderá aceitar este convite carregando no botão abaixo:",
    "If you did not expect to receive an invitation to this team, you may discard this email.": "Se você não esperava receber um convite para esta equipe, você pode descartar este e-mail.",
    "If you do not have an account, you may create one by clicking the button below. After creating an account, you may click the invitation acceptance button in this email to accept the team invitation:": "Se você não tem uma conta, você pode criar uma clicando no botão abaixo. Depois de criar uma conta, você pode clicar no botão aceitar o convite neste e-mail para aceitar o convite da equipe:",
    "Last active": "Última atividade",
    "Last used": "Usado por último",
    "Leave": "Sair",
    "Leave Team": "Sair da Equipe",
    "Log in": "Entrar",
    "Log Out": "Sair",
    "Log Out Other Browser Sessions": "Desligar Outras Sessões Do Navegador",
    "Manage Account": "Gerenciar Conta",
    "Manage and log out your active sessions on other browsers and devices.": "Gerenciar e registrar suas sessões ativas em outros navegadores e dispositivos.",
    "Manage API Tokens": "Gerenciar Tokens de API",
    "Manage Role": "Gerenciar Papel",
    "Manage Team": "Gerenciar Equipe",
    "Name": "Nome",
    "New Password": "Nova Senha",
    "Once a team is deleted, all of its resources and data will be permanently deleted. Before deleting this team, please download any data or information regarding this team that you wish to retain.": "Uma vez excluído, a equipe e todos os seus dados e recursos serão excluídos permanentemente. Antes de excluir esta equipe, faça download de todos os dados e informações que você deseje manter sobre esta equipe.",
    "Once your account is deleted, all of its resources and data will be permanently deleted. Before deleting your account, please download any data or information that you wish to retain.": "Uma vez que sua conta é excluída, todos os dados e recursos desta conta serão excluídos permanentemente. Antes de excluir a sua conta, faça download de todos os dados e informações que você deseje manter.",
    "Password": "Senha",
    "Pending Team Invitations": "Convites de Equipe Pendentes",
    "Permanently delete this team.": "Excluir esta equipe permanentemente.",
    "Permanently delete your account.": "Excluir esta conta permanentemente.",
    "Permissions": "Permissões",
    "Photo": "Foto",
    "Please confirm access to your account by entering one of your emergency recovery codes.": "Por favor confirme o acesso à sua conta inserindo um de seus códigos de recuperação de emergência.",
    "Please confirm access to your account by entering the authentication code provided by your authenticator application.": "Por favor confirme o acesso à sua conta informando um código de autenticação fornecido por seu aplicativo autenticador.",
    "Please copy your new API token. For your security, it won't be shown again.": "Por favor copie seu novo token da API. Para sua segurança, ele não será mostrado novamente.",
    "Please enter your password to confirm you would like to log out of your other browser sessions across all of your devices.": "Introduza a sua senha para confirmar que deseja sair das suas outras sessões de navegação em todos os seus dispositivos.",
    "Please provide the email address of the person you would like to add to this team.": "Por favor, forneça o endereço de E-mail da pessoa que você gostaria de adicionar a esta equipe.",
    "Privacy Policy": "Política de Privacidade",
    "Profile": "Perfil",
    "Profile Information": "Informações do Perfil",
    "Recovery Code": "Código de Recuperação",
    "Regenerate Recovery Codes": "Gerar novamente os Códigos de Recuperação",
    "Register": "Registrar",
    "Remember me": "Lembre-se de mim",
    "Remove": "Remover",
    "Remove Photo": "Remover Foto",
    "Remove Team Member": "Remover Membro da Equipe",
    "Resend Verification Email": "Enviar novamente o e-mail de verificação",
    "Reset Password": "Redefinir senha",
    "Role": "Papel",
    "Save": "Salvar",
    "Saved.": "Salvo.",
    "Select A New Photo": "Selecione uma nova foto",
    "Show Recovery Codes": "Mostrar Códigos de Recuperação",
    "Store these recovery codes in a secure password manager. They can be used to recover access to your account if your two factor authentication device is lost.": "Guarde estes códigos de recuperação em um gerenciador de senhas seguro. Eles podem ser usados para recuperar o acesso à sua conta se o dispositivo de autenticação em dois fatores for perdido.",
    "Switch Teams": "Mudar de Equipe",
    "Team Details": "Detalhes da Equipe",
    "Team Invitation": "Convite De Equipe",
    "Team Members": "Membros da Equipe",
    "Team Name": "Nome da Equipe",
    "Team Owner": "Dono da Equipe",
    "Team Settings": "Configurações da Equipe",
    "Terms of Service": "Termos de Serviço",
    "Thanks for signing up! Before getting started, could you verify your email address by clicking on the link we just emailed to you? If you didn't receive the email, we will gladly send you another.": "Obrigado por se registrar! Antes de começar, você poderia confirmar o seu endereço de e-mail clicando no link presente no e-mail que acabamos de te enviar? Caso não tenha recebido o email, teremos o maior prazer em reenviar-lhe outro.",
    "The :attribute must be a valid role.": ":attribute deve ser um papel válido.",
    "The :attribute must be at least :length characters and contain at least one number.": "O campo :attribute deve possuir no mínimo :length caracteres e conter pelo menos um número.",
    "The :attribute must be at least :length characters and contain at least one special character and one number.": "Os :attribute devem ter, pelo menos, :length caracteres e conter, pelo menos, um carácter especial e um número.",
    "The :attribute must be at least :length characters and contain at least one special character.": "O campo :attribute deve possuir no mínimo :length caracteres e conter pelo menos um caractere especial.",
    "The :attribute must be at least :length characters and contain at least one uppercase character and one number.": "O campo :attribute deve possuir no mínimo :length caracteres e conter pelo menos uma letra maiúscula e um número.",
    "The :attribute must be at least :length characters and contain at least one uppercase character and one special character.": "O campo :attribute deve possuir no mínimo :length caracteres e conter pelo menos uma letra maiúscula e um caractere especial.",
    "The :attribute must be at least :length characters and contain at least one uppercase character, one number, and one special character.": "O campo :attribute deve possuir no mínimo :length caracteres e conter pelo menos uma letra maiúscula, um número, e um caractere especial.",
    "The :attribute must be at least :length characters and contain at least one uppercase character.": "O campo :attribute deve possuir no mínimo :length caracteres e conter pelo menos uma letra maiúscula.",
    "The :attribute must be at least :length characters.": "O campo :attribute deve possuir no mínimo :length caracteres.",
    "The provided password does not match your current password.": "A senha informada não corresponde à sua senha atual.",
    "The provided password was incorrect.": "A senha informada está incorreta.",
    "The provided two factor authentication code was invalid.": "O código de autenticação em dois fatores informado não é válido.",
    "The team's name and owner information.": "Nome da equipe e informações do dono.",
    "These people have been invited to your team and have been sent an invitation email. They may join the team by accepting the email invitation.": "Estas pessoas foram convidadas para a sua equipe e receberam um convite por e-mail. Eles podem se juntar à equipe aceitando o convite por e-mail.",
    "This device": "Este dispositivo",
    "This is a secure area of the application. Please confirm your password before continuing.": "Esta é uma área segura da aplicação. Por favor, confirme a sua senha antes de continuar.",
    "This password does not match our records.": "Esta senha não corresponde aos nossos registros.",
    "This user already belongs to the team.": "Este usuário já pertence à equipe.",
    "This user has already been invited to the team.": "Este usuário já foi convidado para a equipe.",
    "Token Name": "Nome do Token",
    "Two Factor Authentication": "Autenticação em dois fatores",
    "Two factor authentication is now enabled. Scan the following QR code using your phone's authenticator application.": "A autenticação em dois fatores está ativa agora. Escaneie o código QR a seguir com o aplicativo do autenticador em seu telefone.",
    "Update Password": "Atualizar senha",
    "Update your account's profile information and email address.": "Atualize as informações do seu perfil e endereço de e-mail.",
    "Use a recovery code": "Use um código de recuperação",
    "Use an authentication code": "Use um código de autenticação",
    "We were unable to find a registered user with this email address.": "Não pudemos encontrar um usuário com esse endereço de e-mail.",
    "When two factor authentication is enabled, you will be prompted for a secure, random token during authentication. You may retrieve this token from your phone's Google Authenticator application.": "Quando a autenticação em dois fatores está ativa, um token seguro e aleatório será solicitado durante a autenticação. Você deve obter este token em seu aplicativo Google Authenticator em seu telefone.",
    "Whoops! Something went wrong.": "Ops! Alguma coisa deu errado.",
    "You have been invited to join the :team team!": "Foi convidado para se juntar à equipe :team!",
    "You have enabled two factor authentication.": "Você ativou a autenticação em dois fatores.",
    "You have not enabled two factor authentication.": "Você não ativou a autenticação em dois fatores.",
    "You may accept this invitation by clicking the button below:": "Você pode aceitar este convite clicando no botão abaixo:",
    "You may delete any of your existing tokens if they are no longer needed.": "Você pode excluir seus tokens existentes se eles não forem mais necessários.",
    "You may not delete your personal team.": "Você não pode excluir o sua equipe pessoal.",
    "You may not leave a team that you created.": "Você não pode sair de uma equipe que você criou."
}
