{
    "30 Days": "30 dias",
    "60 Days": "60 dias",
    "90 Days": "90 dias",
    ":amount Total": "Total :amount",
    ":resource Details": ":resource detalhes",
    ":resource Details: :title": ":resource detalhes: :title",
    "Action": "Ação",
    "Action Happened At": "Aconteceu Em",
    "Action Initiated By": "Ação iniciada por",
    "Action Name": "Nome da ação",
    "Action Status": "Status da ação",
    "Action Target": "Destino da ação",
    "Actions": "Ações",
    "Add row": "Adicionar linha",
    "Afghanistan": "Afeganistão",
    "Aland Islands": "Ilhas Åland",
    "Albania": "Albânia",
    "Algeria": "Argélia",
    "All resources loaded.": "Todos os recursos carregados.",
    "American Samoa": "Samoa Americana",
    "An error occured while uploading the file.": "Um erro ocorreu ao subir o arquivo.",
    "Andorra": "Andorra",
    "Angola": "Angola",
    "Anguilla": "Anguila",
    "Another user has updated this resource since this page was loaded. Please refresh the page and try again.": "Outro usuário atualizou este recurso desde que esta página foi carregada. Por favor, atualize a página e tente novamente.",
    "Antarctica": "Antártica",
    "Antigua And Barbuda": "Antígua e Barbuda",
    "April": "Abril",
    "Are you sure you want to delete the selected resources?": "Você tem certeza que deseja apagar os recursos selecionados?",
    "Are you sure you want to delete this file?": "Você tem certeza que deseja apagar este arquivo?",
    "Are you sure you want to delete this resource?": "Você tem certeza que deseja apagar este recurso?",
    "Are you sure you want to detach the selected resources?": "Você tem certeza que deseja liberar os recursos selecionados?",
    "Are you sure you want to detach this resource?": "Você tem certeza que deseja liberar esse recurso?",
    "Are you sure you want to force delete the selected resources?": "Você tem certeza que deseja forçar a exclusão dos recursos selecionados?",
    "Are you sure you want to force delete this resource?": "Você tem certeza que deseja forçar a exclusão deste recurso?",
    "Are you sure you want to restore the selected resources?": "Você tem certeza que deseja restaurar os recursos selecionados?",
    "Are you sure you want to restore this resource?": "Você tem certeza que deseja restaurar esse recurso?",
    "Are you sure you want to run this action?": "Você tem certeza que deseja executar essa ação?",
    "Argentina": "Argentina",
    "Armenia": "Armênia",
    "Aruba": "Aruba",
    "Attach": "Anexar",
    "Attach & Attach Another": "Anexar & Anexar outro",
    "Attach :resource": "Anexar :resource",
    "August": "Agosto",
    "Australia": "Austrália",
    "Austria": "Áustria",
    "Azerbaijan": "Azerbaijão",
    "Bahamas": "Bahamas",
    "Bahrain": "Barém",
    "Bangladesh": "Bangladesh",
    "Barbados": "Barbados",
    "Belarus": "Bielorrússia",
    "Belgium": "Bélgica",
    "Belize": "Belize",
    "Benin": "Benim",
    "Bermuda": "Bermuda",
    "Bhutan": "Butão",
    "Bolivia": "Bolívia",
    "Bonaire, Sint Eustatius and Saba": "Bonaire, Santo Eustáquio e Saba",
    "Bosnia And Herzegovina": "Bósnia e Herzegovina",
    "Botswana": "Botsuana",
    "Bouvet Island": "Ilha Bouvet",
    "Brazil": "Brasil",
    "British Indian Ocean Territory": "Território Britânico do Oceano Índico",
    "Brunei Darussalam": "Brunei",
    "Bulgaria": "Bulgária",
    "Burkina Faso": "Burquina Faso",
    "Burundi": "Burundi",
    "Cambodia": "Camboja",
    "Cameroon": "Camarão",
    "Canada": "Canada",
    "Cancel": "Cancelar",
    "Cape Verde": "Cabo Verde",
    "Cayman Islands": "Ilhas Cayman",
    "Central African Republic": "República da África Central",
    "Chad": "Chade",
    "Changes": "Alterações",
    "Chile": "Chile",
    "China": "China",
    "Choose": "Escolha",
    "Choose :field": "Escolha :field",
    "Choose :resource": "Escolha :resource",
    "Choose an option": "Escolha uma opção",
    "Choose date": "Escolha uma data",
    "Choose File": "Escolha o arquivo",
    "Choose Type": "Escolha o tipo",
    "Christmas Island": "Ilha do Natal",
    "Click to choose": "Clique para escolher",
    "Cocos (Keeling) Islands": "Ilhas Cocos (Keeling) ",
    "Colombia": "Colômbia",
    "Comoros": "Comores",
    "Confirm Password": "Confirmar senha",
    "Congo": "Congo",
    "Congo, Democratic Republic": "República Democrática do Congo",
    "Constant": "Constante",
    "Cook Islands": "Ilhas Cook",
    "Costa Rica": "Costa Rica",
    "Cote D'Ivoire": "Costa do Marfim",
    "could not be found.": "não foi possível encontrar.",
    "Create": "Criar",
    "Create & Add Another": "Criar e adicionar",
    "Create :resource": "Criar :resource",
    "Croatia": "Croácia",
    "Cuba": "Cuba",
    "Curaçao": "Curaçao",
    "Customize": "Personalizar",
    "Cyprus": "Chipre",
    "Czech Republic": "República Checa",
    "Dashboard": "Painel",
    "December": "Dezembro",
    "Decrease": "Diminuir",
    "Delete": "Excluir",
    "Delete File": "Apagar o Arquivo",
    "Delete Resource": "Apagar o Recurso",
    "Delete Selected": "Apagar os Selecionados",
    "Denmark": "Dinamarca",
    "Detach": "Desanexar",
    "Detach Resource": "Separar o Recurso",
    "Detach Selected": "Separar os Selecionados",
    "Details": "Detalhes",
    "Djibouti": "Jibuti",
    "Do you really want to leave? You have unsaved changes.": "Quer mesmo ir embora? Você tem mudanças não salvas.",
    "Dominica": "Dominica",
    "Dominican Republic": "República Dominicana",
    "Download": "Baixar",
    "Ecuador": "Equador",
    "Edit": "Editar",
    "Edit :resource": "Editar :resource",
    "Edit Attached": "Editar Anexado",
    "Egypt": "Egito",
    "El Salvador": "El Salvador",
    "Email Address": "E-Mail",
    "Equatorial Guinea": "Guiné Equatorial",
    "Eritrea": "Eritreia",
    "Estonia": "Estônia",
    "Ethiopia": "Etiópia",
    "Falkland Islands (Malvinas)": "Ilhas Falkland (Malvinas)",
    "Faroe Islands": "Ilhas Faroé",
    "February": "Fevereiro",
    "Fiji": "Fiji",
    "Finland": "Finlândia",
    "Force Delete": "Forçar a Apagar",
    "Force Delete Resource": "Forçar a Apagar o Recurso",
    "Force Delete Selected": "Obrigar a Apagar os Selecionados",
    "Forgot Your Password?": "Esqueceu a Senha?",
    "Forgot your password?": "Esqueceu a senha?",
    "France": "França",
    "French Guiana": "Guiana Francesa",
    "French Polynesia": "Polinésia Francesa",
    "French Southern Territories": "Territórios Austrais Franceses",
    "Gabon": "Gabão",
    "Gambia": "Gambia",
    "Georgia": "Geórgia",
    "Germany": "Alemanha",
    "Ghana": "Gana",
    "Gibraltar": "Gibraltar",
    "Go Home": "Ir para o início",
    "Greece": "Grécia",
    "Greenland": "Groenlândia",
    "Grenada": "Granada",
    "Guadeloupe": "Guadalupe",
    "Guam": "Guam",
    "Guatemala": "Guatemala",
    "Guernsey": "Guernsey",
    "Guinea": "Guiné",
    "Guinea-Bissau": "Guiné-Bissau",
    "Guyana": "Guiana",
    "Haiti": "Haiti",
    "Heard Island & Mcdonald Islands": "Ilha Heard e Ilhas McDonald",
    "Hide Content": "Esconder o Conteúdo",
    "Hold Up!": "Espera!",
    "Holy See (Vatican City State)": "Santa Sé",
    "Honduras": "Honduras",
    "Hong Kong": "Hong Kong",
    "Hungary": "Hungria",
    "Iceland": "Islândia",
    "ID": "ID",
    "If you did not request a password reset, no further action is required.": "Se você não solicitou essa redefinição de senha, ignore este e-mail.",
    "Increase": "Aumentar",
    "India": "Índia",
    "Indonesia": "Indonésia",
    "Iran, Islamic Republic Of": "República Islâmica do Irã",
    "Iraq": "Iraque",
    "Ireland": "Irlanda",
    "Isle Of Man": "Ilha de Man",
    "Israel": "Israel",
    "Italy": "Itália",
    "Jamaica": "Jamaica",
    "January": "Janeiro",
    "Japan": "Japão",
    "Jersey": "Jersey",
    "Jordan": "Jordânia",
    "July": "Julho",
    "June": "Junho",
    "Kazakhstan": "Cazaquistão",
    "Kenya": "Quênia ",
    "Key": "Chave",
    "Kiribati": "Quiribati",
    "Korea": "Coreia",
    "Korea, Democratic People's Republic of": "República Popular Democrática da Coreia",
    "Kosovo": "Kosovo",
    "Kuwait": "Kuwait",
    "Kyrgyzstan": "Quirguistão",
    "Lao People's Democratic Republic": "Laos",
    "Latvia": "Letônia",
    "Lebanon": "Líbano",
    "Lens": "Lens",
    "Lesotho": "Lesoto",
    "Liberia": "Libéria",
    "Libyan Arab Jamahiriya": "Jamahiriya Árabe da Líbia",
    "Liechtenstein": "Liechtenstein",
    "Lithuania": "Lituânia",
    "Load :perPage More": "Carregar mais :perPage",
    "Login": "Entrar",
    "Logout": "Sair",
    "Luxembourg": "Luxemburgo",
    "Macao": "Macau",
    "Macedonia": "Macedônia Do Norte",
    "Madagascar": "Madagascar",
    "Malawi": "Malawi",
    "Malaysia": "Malásia",
    "Maldives": "Maldivas",
    "Mali": "Mali",
    "Malta": "Malta",
    "March": "Março",
    "Marshall Islands": "Ilhas Marshall",
    "Martinique": "Martinica",
    "Mauritania": "Mauritânia",
    "Mauritius": "Ilhas Maurício",
    "May": "Maio",
    "Mayotte": "Mayotte",
    "Mexico": "México",
    "Micronesia, Federated States Of": "Estados Federados da Micronésia",
    "Moldova": "Moldávia",
    "Monaco": "Mônaco",
    "Mongolia": "Mongólia",
    "Montenegro": "Montenegro",
    "Month To Date": "Mês Até À Data",
    "Montserrat": "Monserrate",
    "Morocco": "Marrocos",
    "Mozambique": "Moçambique",
    "Myanmar": "Myanmar",
    "Namibia": "Namíbia",
    "Nauru": "Nauru",
    "Nepal": "Nepal",
    "Netherlands": "Países Baixos",
    "New": "Novo",
    "New :resource": "Novo :resource",
    "New Caledonia": "Nova Caledônia",
    "New Zealand": "Nova Zelândia",
    "Next": "Próximo",
    "Nicaragua": "Nicarágua",
    "Niger": "Níger",
    "Nigeria": "Nigéria",
    "Niue": "Niue",
    "No": "Não",
    "No :resource matched the given criteria.": "Nenhum :resource corresponde aos critérios indicados.",
    "No additional information...": "Nenhuma informação adicional...",
    "No Current Data": "Sem Dados Atuais",
    "No Data": "Sem Dados",
    "no file selected": "nenhum ficheiro selecionado",
    "No Increase": "Sem Aumento",
    "No Prior Data": "Sem Dados Anteriores",
    "No Results Found.": "Não Foram Encontrados Resultados.",
    "Norfolk Island": "Ilha Norfolk",
    "Northern Mariana Islands": "Ilhas Marianas do Norte",
    "Norway": "Noruega",
    "Nova User": "Utilizador Nova",
    "November": "Novembro",
    "October": "Outubro",
    "of": "de",
    "Oman": "Omã ",
    "Only Trashed": "Apenas Destruído",
    "Original": "Original",
    "Pakistan": "Paquistão",
    "Palau": "Palau",
    "Palestinian Territory, Occupied": "Territórios Palestinos",
    "Panama": "Panamá",
    "Papua New Guinea": "Papua Nova Guiné",
    "Paraguay": "Paraguai",
    "Password": "Senha",
    "Per Page": "Por Página",
    "Peru": "Peru",
    "Philippines": "Filipinas",
    "Pitcairn": "Ilhas Pitcairn",
    "Poland": "Polônia",
    "Portugal": "Portugal",
    "Press \/ to search": "Pressione \/ para pesquisar",
    "Preview": "Visualizar",
    "Previous": "Anterior",
    "Puerto Rico": "Porto Rico",
    "Qatar": "Catar",
    "Quarter To Date": "Trimestre Até À Data",
    "Reload": "Recarregar",
    "Remember Me": "Lembre-se de mim",
    "Reset Filters": "Repor os Filtros",
    "Reset Password": "Redefinir senha",
    "Reset Password Notification": "Notificação de redefinição de senha",
    "resource": "recursos",
    "Resources": "Recursos",
    "resources": "recursos",
    "Restore": "Restaurar",
    "Restore Resource": "Repor o Recurso",
    "Restore Selected": "Repor os Selecionados",
    "Reunion": "Reunião",
    "Romania": "Romênia",
    "Run Action": "Executar a Ação",
    "Russian Federation": "Federação Russa",
    "Rwanda": "Ruanda",
    "Saint Barthelemy": "São Bartolomeu",
    "Saint Helena": "Santa Helena",
    "Saint Kitts And Nevis": "São Cristóvão e Nevis",
    "Saint Lucia": "Santa Lúcia",
    "Saint Martin": "Ilha de São Martinho",
    "Saint Pierre And Miquelon": "São Pedro e Miquelon",
    "Saint Vincent And Grenadines": "São Vicente e Granadinas",
    "Samoa": "Samoa",
    "San Marino": "São Marinho",
    "Sao Tome And Principe": "São Tomé e Príncipe",
    "Saudi Arabia": "Arábia Saudita",
    "Search": "Pesquisar",
    "Select Action": "Selecionar a Ação",
    "Select All": "Selecionar Tudo",
    "Select All Matching": "Selecionar Todas as Correspondências",
    "Send Password Reset Link": "Enviar link de redefinição de senha",
    "Senegal": "Senegal",
    "September": "Setembro",
    "Serbia": "Sérvia",
    "Seychelles": "Seicheles",
    "Show All Fields": "Mostrar Todos os Campos",
    "Show Content": "Mostrar O Conteúdo",
    "Sierra Leone": "Serra Leoa",
    "Singapore": "Singapura",
    "Sint Maarten (Dutch part)": "Sint Maarten",
    "Slovakia": "Eslováquia",
    "Slovenia": "Eslovênia",
    "Solomon Islands": "Ilhas Salomão",
    "Somalia": "Somália",
    "Something went wrong.": "Algo correu mal.",
    "Sorry! You are not authorized to perform this action.": "Desculpa! Não está autorizado a realizar esta ação.",
    "Sorry, your session has expired.": "Desculpe, a sua sessão expirou.",
    "South Africa": "África do Sul",
    "South Georgia And Sandwich Isl.": "Ilhas Geórgias do Sul e Sandwich do Sul",
    "South Sudan": "Sudão Do Sul",
    "Spain": "Espanha",
    "Sri Lanka": "Sri Lanka",
    "Standalone Actions": "Ações Individuais",
    "Start Polling": "Iniciar A Votação",
    "Stop Polling": "Parar A Votação",
    "Sudan": "Sudão",
    "Suriname": "Suriname",
    "Svalbard And Jan Mayen": "Svalbard e Jan Mayen",
    "Swaziland": "Suazilândia",
    "Sweden": "Suécia",
    "Switzerland": "Suíça",
    "Syrian Arab Republic": "República Árabe Síria",
    "Taiwan": "Taiwan",
    "Tajikistan": "Tajiquistão",
    "Tanzania": "Tanzânia",
    "Thailand": "Tailândia",
    "The :resource was created!": "O :resource foi criado!",
    "The :resource was deleted!": "O :resource foi apagado!",
    "The :resource was restored!": "O :resource foi restaurado!",
    "The :resource was updated!": "O :resource foi atualizado!",
    "The action ran successfully!": "A ação correu com sucesso!",
    "The file was deleted!": "O ficheiro foi apagado!",
    "The government won't let us show you what's behind these doors": "O governo não nos deixa mostrar-lhe o que está atrás destas portas.",
    "The HasOne relationship has already been filled.": "A relação HasOne já foi preenchida.",
    "The resource was updated!": "O recurso foi atualizado!",
    "There are no available options for this resource.": "Não existem opções disponíveis para este recurso.",
    "There was a problem executing the action.": "Houve um problema em executar a ação.",
    "There was a problem submitting the form.": "Houve um problema ao enviar o formulário.",
    "This file field is read-only.": "Este campo de ficheiros é apenas para leitura.",
    "This image": "Esta Imagem",
    "This resource no longer exists": "Este recurso já não existe",
    "Timor-Leste": "Timor-Leste",
    "Today": "Hoje",
    "Togo": "Togo",
    "Tokelau": "Tokelau",
    "Tonga": "Tonga",
    "total": "total",
    "Trashed": "Destruído",
    "Trinidad And Tobago": "Trinidade e Tobago",
    "Tunisia": "Tunísia",
    "Turkey": "Turquia",
    "Turkmenistan": "Turcomenistão",
    "Turks And Caicos Islands": "Ilhas Turcas e Caicos",
    "Tuvalu": "Tuvalu",
    "Uganda": "Uganda",
    "Ukraine": "Ucrânia",
    "United Arab Emirates": "Emirados Árabes Unidos",
    "United Kingdom": "Reino Unido",
    "United States": "Estados Unidos",
    "United States Outlying Islands": "Ilhas Distantes dos Estados Unidos",
    "Update": "Atualizar",
    "Update & Continue Editing": "Atualizar E Continuar A Edição",
    "Update :resource": "Atualizar :resource",
    "Update :resource: :title": "Atualizar :resource: :title",
    "Update attached :resource: :title": "Atualizar anexo :resource: :title",
    "Uruguay": "Uruguai",
    "Uzbekistan": "Usbequistão",
    "Value": "Valor",
    "Vanuatu": "Vanuatu",
    "Venezuela": "Venezuela",
    "Viet Nam": "Vietnã",
    "View": "Visualizar",
    "Virgin Islands, British": "Ilhas Virgens Britânicas",
    "Virgin Islands, U.S.": "Ilhas Virgens Americanas",
    "Wallis And Futuna": "Wallis e Futuna",
    "We're lost in space. The page you were trying to view does not exist.": "Estamos perdidos no espaço. A página que você estava tentando ver não existe.",
    "Welcome Back!": "Bem-vindo de Volta!",
    "Western Sahara": "Saara Ocidental",
    "Whoops": "Ops",
    "Whoops!": "Ops!",
    "With Trashed": "Com Destruídos",
    "Write": "Escrever",
    "Year To Date": "Ano até a Data",
    "Yemen": "Iêmen",
    "Yes": "Sim",
    "You are receiving this email because we received a password reset request for your account.": "Você recebeu esse e-mail porque foi solicitado uma redefinição de senha na sua conta.",
    "Zambia": "Zâmbia",
    "Zimbabwe": "Zimbábue"
}
