{
    ":days day trial": ":days dias de teste",
    "Add VAT Number": "Adicione o número de IVA",
    "Address": "Endereço",
    "Address Line 2": "Endereço Linha 2",
    "Afghanistan": "Afeganistão",
    "Albania": "Albânia",
    "Algeria": "Argélia",
    "American Samoa": "Samoa Americana",
    "An unexpected error occurred and we have notified our support team. Please try again later.": "Um erro inesperado aconteceu e nosso time de suporte foi notificado. Por favor tente novamente mais tarde.",
    "Andorra": "Andorra",
    "Angola": "Angola",
    "Anguilla": "Anguila",
    "Antarctica": "Antártica",
    "Antigua and Barbuda": "Antigua and Barbuda",
    "Apply": "Aplicar",
    "Apply Coupon": "Aplicar Cupom",
    "Argentina": "Argentina",
    "Armenia": "Armênia",
    "Aruba": "Aruba",
    "Australia": "Austrália",
    "Austria": "Áustria",
    "Azerbaijan": "Azerbaijão",
    "Bahamas": "Bahamas",
    "Bahrain": "Barém",
    "Bangladesh": "Bangladesh",
    "Barbados": "Barbados",
    "Belarus": "Bielorrússia",
    "Belgium": "Bélgica",
    "Belize": "Belize",
    "Benin": "Benim",
    "Bermuda": "Bermuda",
    "Bhutan": "Butão",
    "Billing Information": "Informação de Faturamento",
    "Billing Management": "Gestão de Faturamento",
    "Bolivia, Plurinational State of": "Bolívia",
    "Bosnia and Herzegovina": "Bosnia and Herzegovina",
    "Botswana": "Botsuana",
    "Bouvet Island": "Ilha Bouvet",
    "Brazil": "Brasil",
    "British Indian Ocean Territory": "Território Britânico do Oceano Índico",
    "Brunei Darussalam": "Brunei",
    "Bulgaria": "Bulgária",
    "Burkina Faso": "Burquina Faso",
    "Burundi": "Burundi",
    "Cambodia": "Camboja",
    "Cameroon": "Camarão",
    "Canada": "Canada",
    "Cancel Subscription": "Cancelar Assinatura",
    "Cape Verde": "Cabo Verde",
    "Card": "Cartão",
    "Cayman Islands": "Ilhas Cayman",
    "Central African Republic": "República da África Central",
    "Chad": "Chade",
    "Change Subscription Plan": "Mudar Plano da Assinatura",
    "Chile": "Chile",
    "China": "China",
    "Christmas Island": "Ilha Do Natal",
    "City": "Cidade",
    "Cocos (Keeling) Islands": "Ilhas Cocos (Keeling) ",
    "Colombia": "Colômbia",
    "Comoros": "Comores",
    "Confirm Payment": "Confirmar Pagamento",
    "Confirm your :amount payment": "Confirme seu pagamento de :amount",
    "Congo": "Congo",
    "Congo, the Democratic Republic of the": "República Democrática do Congo",
    "Cook Islands": "Ilhas Cook",
    "Costa Rica": "Costa Rica",
    "Country": "País",
    "Coupon": "Cupom",
    "Croatia": "Croácia",
    "Cuba": "Cuba",
    "Current Subscription Plan": "Plano da Assinatura Atual",
    "Currently Subscribed": "Assinado Atualmente",
    "Cyprus": "Chipre",
    "Czech Republic": "República Checa",
    "Côte d'Ivoire": "Côte d'Ivoire",
    "Denmark": "Dinamarca",
    "Djibouti": "Jibuti",
    "Dominica": "Dominica",
    "Dominican Republic": "República Dominicana",
    "Download Receipt": "Baixar Recibo",
    "Ecuador": "Equador",
    "Egypt": "Egito",
    "El Salvador": "El Salvador",
    "Email Addresses": "Endereços de E-mail",
    "Equatorial Guinea": "Guiné Equatorial",
    "Eritrea": "Eritreia",
    "Estonia": "Estônia",
    "Ethiopia": "Etiópia",
    "ex VAT": "ex IVA",
    "Extra Billing Information": "Informação de Faturamento Adicional",
    "Extra confirmation is needed to process your payment. Please continue to the payment page by clicking on the button below.": "É necessária uma confirmação extra para processar o seu pagamento. Por favor, continue para a página de pagamento clicando no botão abaixo.",
    "Falkland Islands (Malvinas)": "Ilhas Falkland (Malvinas)",
    "Faroe Islands": "Ilhas Faroé",
    "Fiji": "Fiji",
    "Finland": "Finlândia",
    "France": "França",
    "French Guiana": "Guiana Francesa",
    "French Polynesia": "Polinésia Francesa",
    "French Southern Territories": "Territórios Austrais Franceses",
    "Gabon": "Gabão",
    "Gambia": "Gambia",
    "Georgia": "Geórgia",
    "Germany": "Alemanha",
    "Ghana": "Gana",
    "Gibraltar": "Gibraltar",
    "Greece": "Grécia",
    "Greenland": "Groenlândia",
    "Grenada": "Granada",
    "Guadeloupe": "Guadalupe",
    "Guam": "Guam",
    "Guatemala": "Guatemala",
    "Guernsey": "Guernsey",
    "Guinea": "Guiné",
    "Guinea-Bissau": "Guiné-Bissau",
    "Guyana": "Guiana",
    "Haiti": "Haiti",
    "Have a coupon code?": "Possui um código de cupom?",
    "Having second thoughts about cancelling your subscription? You can instantly reactive your subscription at any time until the end of your current billing cycle. After your current billing cycle ends, you may choose an entirely new subscription plan.": "Considerando cancelar sua assinatura? Voce pode reativar instantaneamente sua assinatura a qualquer momento até o fim do seu ciclo atual de faturamento. Depois que o ciclo atual de faturamento terminar, você pode optar por uma assinatura de plano completamente nova.",
    "Heard Island and McDonald Islands": "Heard Island and McDonald Islands",
    "Holy See (Vatican City State)": "Santa Sé",
    "Honduras": "Honduras",
    "Hong Kong": "Hong Kong",
    "Hungary": "Hungria",
    "I accept the terms of service": "Eu aceito os termos de serviço",
    "Iceland": "Islândia",
    "If you need to add specific contact or tax information to your receipts, like your full business name, VAT identification number, or address of record, you may add it here.": "Se você precisa adicionar informações específicas de contato ou tributamento aos seus recibos, como o nome completo do seu negócio, número de identificação de IVA, ou endereço de registro, você pode adiciona-la aqui.",
    "India": "Índia",
    "Indonesia": "Indonésia",
    "Iran, Islamic Republic of": "Iran, Islamic Republic of",
    "Iraq": "Iraque",
    "Ireland": "Irlanda",
    "Isle of Man": "Isle of Man",
    "Israel": "Israel",
    "It looks like you do not have an active subscription. You may choose one of the subscription plans below to get started. Subscription plans may be changed or cancelled at your convenience.": "Parece que você não possui uma assinatura ativa. Para começar, você pode escolher um dos planos de assinatura abaixo. Assinaturas podem ser alteradas ou canceladas a qualquer momento.",
    "Italy": "Itália",
    "Jamaica": "Jamaica",
    "Japan": "Japão",
    "Jersey": "Jersey",
    "Jordan": "Jordânia",
    "Kazakhstan": "Cazaquistão",
    "Kenya": "Quênia ",
    "Kiribati": "Quiribati",
    "Korea, Democratic People's Republic of": "República Popular Democrática da Coreia",
    "Korea, Republic of": "República da Coreia",
    "Kuwait": "Kuwait",
    "Kyrgyzstan": "Quirguistão",
    "Lao People's Democratic Republic": "Laos",
    "Latvia": "Letônia",
    "Lebanon": "Líbano",
    "Lesotho": "Lesoto",
    "Liberia": "Libéria",
    "Libyan Arab Jamahiriya": "Jamahiriya Árabe da Líbia",
    "Liechtenstein": "Liechtenstein",
    "Lithuania": "Lituânia",
    "Luxembourg": "Luxemburgo",
    "Macao": "Macau",
    "Macedonia, the former Yugoslav Republic of": "Macedônia do Norte",
    "Madagascar": "Madagascar",
    "Malawi": "Malawi",
    "Malaysia": "Malásia",
    "Maldives": "Maldivas",
    "Mali": "Mali",
    "Malta": "Malta",
    "Managing billing for :billableName": "Gerenciando o faturamento para :billableName",
    "Marshall Islands": "Ilhas Marshall",
    "Martinique": "Martinica",
    "Mauritania": "Mauritânia",
    "Mauritius": "Ilhas Maurício",
    "Mayotte": "Mayotte",
    "Mexico": "Mexico",
    "Micronesia, Federated States of": "Micronesia, Federated States of",
    "Moldova, Republic of": "República da Moldávia",
    "Monaco": "Mônaco",
    "Mongolia": "Mongólia",
    "Montenegro": "Montenegro",
    "Monthly": "Mensalmente",
    "monthly": "mensalmente",
    "Montserrat": "Monserrate",
    "Morocco": "Marrocos",
    "Mozambique": "Moçambique",
    "Myanmar": "Myanmar",
    "Namibia": "Namíbia",
    "Nauru": "Nauru",
    "Nepal": "Nepal",
    "Netherlands": "Países Baixos",
    "Netherlands Antilles": "Antilhas Holandesas",
    "Nevermind, I'll keep my old plan": "Deixa pra lá, eu vou manter meu plano atual",
    "New Caledonia": "Nova Caledônia",
    "New Zealand": "Nova Zelândia",
    "Nicaragua": "Nicarágua",
    "Niger": "Níger",
    "Nigeria": "Nigéria",
    "Niue": "Niue",
    "Norfolk Island": "Ilha Norfolk",
    "Northern Mariana Islands": "Ilhas Marianas do Norte",
    "Norway": "Noruega",
    "Oman": "Omã ",
    "Our billing management portal allows you to conveniently manage your subscription plan, payment method, and download your recent invoices.": "Nosso portal de gestão de faturamento permite que você convinientemente administre seu plano de assinatura, método de pagamento, e baixe seus recibos recentes.",
    "Pakistan": "Paquistão",
    "Palau": "Palau",
    "Palestinian Territory, Occupied": "Territórios Palestinos",
    "Panama": "Panamá",
    "Papua New Guinea": "Papua Nova Guiné",
    "Paraguay": "Paraguai",
    "Payment Information": "Informação de Pagamento",
    "Peru": "Peru",
    "Philippines": "Filipinas",
    "Pitcairn": "Ilhas Pitcairn",
    "Please accept the terms of service.": "Por favor aceite os termos de serviço.",
    "Please provide a maximum of three receipt emails addresses.": "Por favor insira um máximo de três endereços de e-mail para receber os recibos.",
    "Poland": "Polônia",
    "Portugal": "Portugal",
    "Puerto Rico": "Porto Rico",
    "Qatar": "Catar",
    "Receipt Email Addresses": "Endereço de E-mail para Recibo",
    "Receipts": "Recibos",
    "Resume Subscription": "Retomar Assinatura",
    "Return to :appName": "Voltar para :appName",
    "Romania": "Romênia",
    "Russian Federation": "Federação Russa",
    "Rwanda": "Ruanda",
    "Réunion": "Réunion",
    "Saint Barthélemy": "Saint Barthélemy",
    "Saint Helena": "Santa Helena",
    "Saint Kitts and Nevis": "São Cristóvão e Nevis",
    "Saint Lucia": "Santa Lúcia",
    "Saint Martin (French part)": "Ilha de São Martinho (parte Francesa)",
    "Saint Pierre and Miquelon": "São Pedro e Miquelon",
    "Saint Vincent and the Grenadines": "Saint Vincent and the Grenadines",
    "Samoa": "Samoa",
    "San Marino": "São Marinho",
    "Sao Tome and Principe": "Sao Tomé e Príncipe",
    "Saudi Arabia": "Arábia Saudita",
    "Save": "Salvar",
    "Select": "Selecionar",
    "Select a different plan": "Selecione um plano diferente",
    "Senegal": "Senegal",
    "Serbia": "Sérvia",
    "Seychelles": "Seicheles",
    "Sierra Leone": "Serra Leoa",
    "Signed in as": "Logado como",
    "Singapore": "Singapura",
    "Slovakia": "Eslováquia",
    "Slovenia": "Eslovênia",
    "Solomon Islands": "Ilhas Salomão",
    "Somalia": "Somália",
    "South Africa": "África do Sul",
    "South Georgia and the South Sandwich Islands": "Ilhas Geórgias do Sul e Sandwich do Sul",
    "Spain": "Espanha",
    "Sri Lanka": "Sri Lanka",
    "State \/ County": "Estado \/ País",
    "Subscribe": "Assinar",
    "Subscription Information": "Informação da Assinatura",
    "Sudan": "Sudão",
    "Suriname": "Suriname",
    "Svalbard and Jan Mayen": "Svalbard e Jan Mayen",
    "Swaziland": "Suazilândia",
    "Sweden": "Suécia",
    "Switzerland": "Suíça",
    "Syrian Arab Republic": "República Árabe Síria",
    "Taiwan, Province of China": "Taiwan, Província da China",
    "Tajikistan": "Tajiquistão",
    "Tanzania, United Republic of": "República Unida da Tanzânia",
    "Terms of Service": "Termos de Serviço",
    "Thailand": "Tailândia",
    "Thanks for your continued support. We've attached a copy of your invoice for your records. Please let us know if you have any questions or concerns.": "Obrigado pelo seu contínuo suporte. Nós anexamos uma cópia da sua fatura para os seus registros. Por favor nos informe caso você tenha alguma dúvida ou preocupações.",
    "Thanks,": "Obrigado,",
    "The provided coupon code is invalid.": "O código de cupom fornecido é inválido.",
    "The provided VAT number is invalid.": "O número IVA fornecido é inválido.",
    "The receipt emails must be valid email addresses.": "Os e-mails para recibos devem ser endereços de e-mail válidos.",
    "The selected country is invalid.": "O país selecionado é inválido.",
    "The selected plan is invalid.": "O plano selecionado é inválido.",
    "This account does not have an active subscription.": "Essa conta não possui uma assinatura ativa.",
    "This subscription has expired and cannot be resumed. Please create a new subscription.": "Essa assinatura expirou e não pode ser retomada. Por favor crie uma nova assinatura.",
    "Timor-Leste": "Timor-Leste",
    "Togo": "Togo",
    "Tokelau": "Tokelau",
    "Tonga": "Tonga",
    "Total:": "Total:",
    "Trinidad and Tobago": "Trinidade e Tobago",
    "Tunisia": "Tunísia",
    "Turkey": "Turquia",
    "Turkmenistan": "Turcomenistão",
    "Turks and Caicos Islands": "Ilhas Turcas e Caicos",
    "Tuvalu": "Tuvalu",
    "Uganda": "Uganda",
    "Ukraine": "Ucrânia",
    "United Arab Emirates": "Emirados Árabes Unidos",
    "United Kingdom": "Reino Unido",
    "United States": "Estados Unidos",
    "United States Minor Outlying Islands": "Ilhas Menores Distantes dos Estados Unidos",
    "Update": "Atualizar",
    "Update Payment Information": "Atualizar Informação de Pagamento",
    "Uruguay": "Uruguai",
    "Uzbekistan": "Usbequistão",
    "Vanuatu": "Vanuatu",
    "VAT Number": "IVA Number",
    "Venezuela, Bolivarian Republic of": "Venezuela",
    "Viet Nam": "Vietnã",
    "Virgin Islands, British": "Ilhas Virgens Britânicas",
    "Virgin Islands, U.S.": "Ilhas Virgens Americanas",
    "Wallis and Futuna": "Wallis e Futuna",
    "We are unable to process your payment. Please contact customer support.": "Não não conseguimos processar o seu pagamento. Por favor entre contato com o atendimento ao cliente.",
    "We will send a receipt download link to the email addresses that you specify below. You may separate multiple email addresses using commas.": "Nós enviaremos um link para baixar o recibo para os endereços de e-mail que você especificar abaixo. Você pode separar múltiplos endereços de e-mail utilizando vírgulas.",
    "Western Sahara": "Saara Ocidental",
    "Whoops! Something went wrong.": "Ops! Alguma coisa deu errado.",
    "Yearly": "Anualmente",
    "Yemen": "Iêmen",
    "You are currently within your free trial period. Your trial will expire on :date.": "Você está atualmente dentro do seu período de teste gratuito. Seu período de testes expira em :date.",
    "You may cancel your subscription at any time. Once your subscription has been cancelled, you will have the option to resume the subscription until the end of your current billing cycle.": "Você pode cancelar sua assinatura a qualquer momento. Uma vez cancelada, você terá o opção de retomar sua assinatura até o fim do seu ciclo atual de faturamento..",
    "Your :invoiceName invoice is now available!": "Sua fatura :invoiceName está disponível!",
    "Your card was declined. Please contact your card issuer for more information.": "Seu cartão de crédito foi recusado. Por favor entre em contato com a emissora do seu cartão de crédito para mais informações.",
    "Your current payment method is a credit card ending in :lastFour that expires on :expiration.": "Seu método de pagamento atual é o cartão de crédito com os quatro dígitos finais :lastFour que expira em :expiration.",
    "Your registered VAT Number is :vatNumber.": "Seu número IVA registrado é :vatNumber.",
    "Zambia": "Zâmbia",
    "Zimbabwe": "Zimbábue",
    "Zip \/ Postal Code": "CEP \/ Código Postal",
    "Åland Islands": "Ilhas Åland"
}
