{
    "An unexpected error occurred and we have notified our support team. Please try again later.": "Um erro inesperado aconteceu e nosso time de suporte foi notificado. Por favor tente novamente mais tarde.",
    "Billing Management": "Gestão de Faturamento",
    "Cancel Subscription": "Cancelar Assinatura",
    "Change Subscription Plan": "Mudar Plano da Assinatura",
    "Current Subscription Plan": "Plano da Assinatura Atual",
    "Currently Subscribed": "Assinado Atualmente",
    "Having second thoughts about cancelling your subscription? You can instantly reactive your subscription at any time until the end of your current billing cycle. After your current billing cycle ends, you may choose an entirely new subscription plan.": "Considerando cancelar sua assinatura? Voce pode reativar instantaneamente sua assinatura a qualquer momento até o fim do seu ciclo atual de faturamento. Depois que o ciclo atual de faturamento terminar, você pode optar por uma assinatura de plano completamente nova.",
    "It looks like you do not have an active subscription. You may choose one of the subscription plans below to get started. Subscription plans may be changed or cancelled at your convenience.": "Parece que você não possui uma assinatura ativa. Para começar, você pode escolher um dos planos de assinatura abaixo. Assinaturas podem ser alteradas ou canceladas a qualquer momento.",
    "Managing billing for :billableName": "Gerenciando o faturamento para :billableName",
    "Monthly": "Mensalmente",
    "Nevermind, I'll keep my old plan": "Deixa pra lá, eu vou manter meu plano atual",
    "Our billing management portal allows you to conveniently manage your subscription plan, payment method, and download your recent invoices.": "Nosso portal de gestão de faturamento permite que você convinientemente administre seu plano de assinatura, método de pagamento, e baixe seus recibos recentes.",
    "Payment Method": "Método de Pagamento",
    "Receipts": "Recibos",
    "Resume Subscription": "Retomar Assinatura",
    "Return to :appName": "Voltar para :appName",
    "Signed in as": "Logado como",
    "Subscribe": "Assinar",
    "Subscription Pending": "Assinatura Pendente",
    "Terms of Service": "Termos de Serviço",
    "The selected plan is invalid.": "O plano selecionado é inválido.",
    "There is no active subscription.": "Não há assinaturas ativas.",
    "This account does not have an active subscription.": "Essa conta não possui uma assinatura ativa.",
    "This subscription cannot be resumed. Please create a new subscription.": "Essa assinatura não pode ser retomada. Por favor crie uma nova assinatura.",
    "Update Payment Method": "Atualizar Método de Pagamento",
    "View Receipt": "Ver Recibo",
    "We are processing your subscription. Once the subscription has successfully processed, this page will update automatically. Typically, this process should only take a few seconds.": "Nós estamos processando sua assinatura. Uma vez que sua assinatura for processada com sucesso, esta página irá atualizar automaticamento. Tipicamente, esse processo deve levar poucos segundos.",
    "Whoops! Something went wrong.": "Ops! Alguma coisa deu errado.",
    "Yearly": "Anualmente",
    "You are already subscribed.": "Você já possui uma assinatura.",
    "You may cancel your subscription at any time. Once your subscription has been cancelled, you will have the option to resume the subscription until the end of your current billing cycle.": "Você pode cancelar sua assinatura a qualquer momento. Uma vez cancelada, você terá o opção de retomar sua assinatura até o fim do seu ciclo atual de faturamento..",
    "Your current payment method is :paypal.": "Seu método de pagamento atual é :paypal.",
    "Your current payment method is a credit card ending in :lastFour that expires on :expiration.": "Seu método de pagamento atual é o cartão de crédito com os quatro dígitos finais :lastFour que expira em :expiration."
}
